<?xml version="1.0" encoding="UTF-8"?>

<mule xmlns:mulexml="http://www.mulesoft.org/schema/mule/xml" xmlns:context="http://www.springframework.org/schema/context" xmlns:metadata="http://www.mulesoft.org/schema/mule/metadata" xmlns:dw="http://www.mulesoft.org/schema/mule/ee/dw" xmlns:json="http://www.mulesoft.org/schema/mule/json" xmlns:scripting="http://www.mulesoft.org/schema/mule/scripting" xmlns:tracking="http://www.mulesoft.org/schema/mule/ee/tracking" xmlns="http://www.mulesoft.org/schema/mule/core" xmlns:doc="http://www.mulesoft.org/schema/mule/documentation"
	xmlns:spring="http://www.springframework.org/schema/beans" 
	xmlns:xsi="http://www.w3.org/2001/XMLSchema-instance"
	xsi:schemaLocation="http://www.springframework.org/schema/beans http://www.springframework.org/schema/beans/spring-beans-current.xsd
http://www.mulesoft.org/schema/mule/core http://www.mulesoft.org/schema/mule/core/current/mule.xsd
http://www.mulesoft.org/schema/mule/json http://www.mulesoft.org/schema/mule/json/current/mule-json.xsd
http://www.mulesoft.org/schema/mule/scripting http://www.mulesoft.org/schema/mule/scripting/current/mule-scripting.xsd
http://www.mulesoft.org/schema/mule/ee/tracking http://www.mulesoft.org/schema/mule/ee/tracking/current/mule-tracking-ee.xsd
http://www.mulesoft.org/schema/mule/ee/dw http://www.mulesoft.org/schema/mule/ee/dw/current/dw.xsd
http://www.springframework.org/schema/context http://www.springframework.org/schema/context/spring-context-current.xsd
http://www.mulesoft.org/schema/mule/xml http://www.mulesoft.org/schema/mule/xml/current/mule-xml.xsd">

    <choice-exception-strategy name="ChoiceExceptionStrategy">
        <catch-exception-strategy when="#[exception.causeMatches('org.mule.module.apikit.exception.InvalidHeaderException') ]" doc:name="Validation Catch Exception Strategy">
            <set-variable variableName="statusCode" value="400" doc:name="statusCode"/>
            <set-variable variableName="exceptionCode" value="#[exception.?message or exception.cause]" doc:name="exceptionCode"/>
            <flow-ref name="formError_subFlow" doc:name="Call formError subFlow"/>
        </catch-exception-strategy>
        
        <catch-exception-strategy when="#[exception.causeMatches('org.mule.module.json.validation.*')]" doc:name="Json Validation Catch Exception Strategy">
            <set-variable variableName="statusCode" value="400" doc:name="statusCode"/>
            <set-variable variableName="exceptionCode" value="#[exception.?message or exception.cause]" doc:name="exceptionCode"/>
            <flow-ref name="formError_subFlow" doc:name="Call formError subFlow"/>
        </catch-exception-strategy>
        
        <catch-exception-strategy when="#[exception.causeMatches('org.mule.module.http.internal.request*')]" doc:name="Http RESTCall Exception">
            <set-property propertyName="http.status" value="#[message.inboundProperties.'http.status']" doc:name="Set Http Status"/>
        </catch-exception-strategy>

        <catch-exception-strategy when="#[exception.causeMatches('org.mule.module.ws.consumer.SoapFaultException')]" doc:name="SOAP Exception Strategy">
            <set-variable variableName="statusCode" value="500" doc:name="statusCode"/>
            <set-property propertyName="http.status" value="#[flowVars.statusCode]" doc:name="Set Http Status"/>
            <flow-ref name="formError_subFlow" doc:name="formError_subFlow"/>
        </catch-exception-strategy>
        
        <catch-exception-strategy when="#[exception.causeMatches('org.mule.module.apikit.exception.NotFoundException')]" doc:name="404">
            <set-payload value="#[flowVars.originalPayload]" encoding="UTF-8" mimeType="application/json" doc:name="Set Payload"/>
            <set-variable variableName="statusCode" value="404" doc:name="statusCode"/>
            <flow-ref name="notLogabbleExcep_subFlow" doc:name="Call notLogabbleExcep_subFlow subFlow"/>
        </catch-exception-strategy>
        
        <catch-exception-strategy when="#[exception.causeMatches('org.mule.module.apikit.exception.MethodNotAllowedException')]" doc:name="405">
            <set-variable variableName="statusCode" value="405" doc:name="statusCode"/>
            <set-variable variableName="exceptionCode" value="http.methodnotallowed" doc:name="exceptionCode"/>
            <flow-ref name="formError_subFlow" doc:name="Call formError subFlow"/>
        </catch-exception-strategy>
        
        <catch-exception-strategy when="#[exception.causeMatches('org.mule.module.apikit.exception.UnsupportedMediaTypeException')]" doc:name="415">
            <set-variable variableName="statusCode" value="415" doc:name="statusCode"/>
            <set-variable variableName="exceptionCode" value="http.unspportedmediatype" doc:name="exceptionCode"/>
            <flow-ref name="formError_subFlow" doc:name="Call formError subFlow"/>
        </catch-exception-strategy>
        
        <catch-exception-strategy when="#[exception.causeMatches('org.mule.module.apikit.exception.NotAcceptableException')]" doc:name="406">
            <set-variable variableName="statusCode" value="406" doc:name="statusCode"/>
            <set-variable variableName="exceptionCode" value="http.notacceptable" doc:name="exceptionCode"/>
            <flow-ref name="formError_subFlow" doc:name="Call formError subFlow"/>
        </catch-exception-strategy>
        
        <catch-exception-strategy when="#[exception.causeMatches('org.mule.module.apikit.exception.InvalidQueryParameterException')]" doc:name="400 - InvalidQueryParameterException">
            <set-variable variableName="statusCode" value="400" doc:name="statusCode"/>
            <set-variable variableName="exceptionCode" value="#[exception.?message or exception.cause]" doc:name="exceptionCode"/>
            <flow-ref name="notLogabbleExcep_subFlow" doc:name="Call notLogabbleExcep_subFlow"/>
        </catch-exception-strategy>
        
        <catch-exception-strategy when="#[exception.causeMatches('org.mule.module.apikit.exception.InvalidUriParameterException')]" doc:name="400 - InvalidUriParameterException">
            <set-variable variableName="statusCode" value="400" doc:name="statusCode"/>
            <set-variable variableName="exceptionCode" value="#[exception.?message or exception.cause]" doc:name="exceptionCode"/>
            <flow-ref name="notLogabbleExcep_subFlow" doc:name="Call notLogabbleExcep_subFlow"/>
        </catch-exception-strategy>
        
        <catch-exception-strategy when="#[exception.causeMatches('com.mulesoft.weave.mule.exception.WeaveExecutionException')]" doc:name="500 - DataWeaveException">
            <set-variable variableName="statusCode" value="500" doc:name="statusCode"/>
            <set-variable variableName="exceptionCode" value="#[exception.?message or exception.cause]" doc:name="exceptionCode"/>
            <flow-ref name="formError_subFlow" doc:name="Call formError subFlow"/>
        </catch-exception-strategy>
        
        <catch-exception-strategy when="#[exception.causeMatches('org.mule.module.apikit.exception.BadRequestException')]" doc:name="400 - BadRequestException">
            <set-payload value="#[flowVars.originalPayload]" doc:name="Set Original Payload"/>
            <set-variable variableName="statusCode" value="400" doc:name="statusCode"/>
            <set-variable variableName="exceptionCode" value="http.badrequest" doc:name="exceptionCode"/>
            <flow-ref name="notLogabbleExcep_subFlow" doc:name="Call notLogabbleExcep_subFlow"/>
        </catch-exception-strategy>
        
        <catch-exception-strategy when="#[exception.causeMatches('org.mule.extension.validation.*') ]" doc:name="Validation Catch Exception Strategy">
            <set-variable variableName="statusCode" value="400" doc:name="statusCode"/>
            <set-variable variableName="exceptionCode" value="#[exception.cause.message]" doc:name="exceptionCode"/>
            <flow-ref name="formError_subFlow" doc:name="Call formError_subFlow"/>
        </catch-exception-strategy>
        
        <catch-exception-strategy when="#[exception.causeMatches('org.mule.api.MessagingException')]" doc:name="504">
            <set-variable variableName="statusCode" value="504" doc:name="statusCode"/>
            <set-variable variableName="exceptionCode" value="#[exception.?message or exception.cause]" doc:name="exceptionCode"/>
            <choice doc:name="Check Exceptioncode">
	            <when expression="#[flowVars.?exceptionCode.contains('Timeout')]">
	                <set-variable variableName="exceptionCode" value="#[exception.cause.message]" doc:name="exceptionCode"/>
	            </when>
	             <when expression="#[flowVars.?exceptionCode.contains('Connect')]">
	                <set-variable variableName="exceptionCode" value="Server not reachable. Please try again" doc:name="exceptionCode"/>
	            </when>
	            <otherwise>
	                    <set-variable variableName="exceptionCode" value="Unknown error" doc:name="exceptionCode"/>
	            </otherwise>
            </choice>
            <flow-ref name="formError_subFlow" doc:name="Call formError subFlow"/>
        </catch-exception-strategy>
        
        <catch-exception-strategy doc:name="Other Catch Exception Strategy">
            <set-variable variableName="statusCode" value="500" doc:name="statusCode"/>
            <set-variable variableName="exceptionCode" value="#[new String(org.mule.util.ExceptionUtils.getRootCauseMessage(exception))]" doc:name="exceptionCode"/>
            <flow-ref name="formError_subFlow" doc:name="Call formError subFlow"/>
        </catch-exception-strategy>
    </choice-exception-strategy> 
    <sub-flow name="notLogabbleExcep_subFlow">
        <set-property propertyName="http.status" value="#[flowVars.statusCode]" doc:name="Set Http Status"/>
        <dw:transform-message doc:name="Error json">
            <dw:set-payload><![CDATA[%dw 1.0
%output application/json
---
{
	 
	message: flowVars.exceptionCode
}]]></dw:set-payload>
        </dw:transform-message>
    </sub-flow>
    <sub-flow name="formError_subFlow">
    <logger message="Tracer : #[flowVars.tracer]" level="ERROR" doc:name="Log Tracer"/>
        <logger message="Exception : #[exception != null ? (exception.cause != null ? exception.cause.message : exception ) : &quot;Could not find any exception description&quot;]" level="ERROR" doc:name="Log Exception"/>
        <set-property propertyName="http.status" value="#[flowVars.statusCode]" doc:name="Set Http Status"/>
        <dw:transform-message doc:name="Form Error Json">
            <dw:set-payload><![CDATA[%dw 1.0
%output application/json
---
{
	message: flowVars.exceptionCode
 }]]>
			</dw:set-payload>
        </dw:transform-message>
    </sub-flow>
</mule> 